(بدون شعبه؛ در سایت نمایش داده نمی‌شود)	(No branch; hidden from the public site)	(بلا فرع؛ لا يظهر في الموقع العام)
PNG، JPEG یا WebP؛ حداکثر ۲ مگابایت.	PNG, JPEG or WebP; up to 2 MB.	PNG أو JPEG أو WebP؛ بحد أقصى ٢ ميغابايت.
© ۱۴۰۵ به‌نوبت؛ همه حقوق محفوظ است.	© 2026 Be Nobat. All rights reserved.	© ٢٠٢٦ بي نوبات. جميع الحقوق محفوظة.
ثبت توسط	Recorded by	سجّلها
آخرین مالک شعبه را نمی‌توان حذف کرد.	The branch's last owner cannot be removed.	لا يمكن إزالة آخر مالك للفرع.
آخرین مدیر فعال سامانه را نمی‌توانید حذف کنید.	You cannot remove the last active platform administrator.	لا يمكنك إزالة آخر مدير نشط للنظام.
آخرین مدیر فعال سامانه را نمی‌توانید غیرفعال کنید.	You cannot disable the last active platform administrator.	لا يمكنك تعطيل آخر مدير نشط للنظام.
آدرس موردنظر وجود ندارد.	This address does not exist.	هذا العنوان غير موجود.
آموزش	Education	التعليم
ابتدا در صفحه شعب، منبع «عضو تیم» تعریف کنید.	First add a team member resource on the branches page.	أضف أولًا موردًا من نوع «عضو فريق» في صفحة الفروع.
ابتدا کارمند ارائه‌دهنده را انتخاب کنید.	Select a service provider first.	اختر مقدم الخدمة أولًا.
ابتدا یک خدمت فعال برای این شعبه تعریف کنید.	First add an active service to this branch.	أضف أولًا خدمة نشطة لهذا الفرع.
ابتدا یک شعبه تعریف کنید تا بتوانید عضو اضافه کنید.	Create a branch before adding members.	أنشئ فرعًا قبل إضافة الأعضاء.
ابتدا یک کسب‌وکار انتخاب کنید.	Select a business first.	اختر نشاطًا تجاريًا أولًا.
اتاق	Room	غرفة
اجازه‌ی ارزیابی این نوبت را ندارید.	You cannot evaluate this appointment.	ليست لديك صلاحية تقييم هذا الموعد.
اجازه‌ی این کار را ندارید.	You do not have permission for this action.	ليست لديك صلاحية لتنفيذ هذا الإجراء.
اجازه‌ی تغییر این خدمت و شعب مرتبط با آن را ندارید.	You cannot change this service or its assigned branches.	ليست لديك صلاحية تعديل هذه الخدمة أو الفروع المرتبطة بها.
اجازه‌ی تغییر وضعیت این خدمت را ندارید.	You cannot change this service's status.	ليست لديك صلاحية تغيير حالة هذه الخدمة.
اجازه‌ی تغییر وضعیت این کاربر را ندارید.	You cannot change this user's status.	ليست لديك صلاحية تغيير حالة هذا المستخدم.
اجازه‌ی حذف این برنامه کاری را ندارید.	You cannot delete this schedule.	ليست لديك صلاحية حذف جدول العمل هذا.
اجازه‌ی حذف این عضو را ندارید.	You cannot remove this member.	ليست لديك صلاحية إزالة هذا العضو.
اجازه‌ی حذف این منبع را ندارید.	You cannot remove this resource.	ليست لديك صلاحية إزالة هذا المورد.
اجازه‌ی مدیریت این برنامه کاری را ندارید.	You cannot manage this schedule.	ليست لديك صلاحية إدارة جدول العمل هذا.
اجازه‌ی مدیریت حساب‌ها را ندارید.	You cannot manage accounts.	ليست لديك صلاحية إدارة الحسابات.
اجازه‌ی مدیریت خدمات این شعبه را ندارید.	You cannot manage this branch's services.	ليست لديك صلاحية إدارة خدمات هذا الفرع.
اجازه‌ی مدیریت منابع این شعبه را ندارید.	You cannot manage this branch's resources.	ليست لديك صلاحية إدارة موارد هذا الفرع.
اجازه‌ی واگذاری این نقش را ندارید.	You cannot assign this role.	ليست لديك صلاحية منح هذا الدور.
اجازه‌ی ویرایش این برنامه کاری را ندارید.	You cannot edit this schedule.	ليست لديك صلاحية تعديل جدول العمل هذا.
اجازه‌ی ویرایش این شعبه را ندارید.	You cannot edit this branch.	ليست لديك صلاحية تعديل هذا الفرع.
اجازه‌ی ویرایش این کاربر را ندارید.	You cannot edit this user.	ليست لديك صلاحية تعديل هذا المستخدم.
اختصاصی	Custom	مخصصة
ادامه	Continue	متابعة
ارائه‌دهنده	Provider	مقدم الخدمة
ارائه‌دهنده انتخاب‌شده	Selected provider	مقدم الخدمة المختار
ارائه‌دهنده خدمت	Service provider	مقدم الخدمة
ارائه‌دهندگان	Providers	مقدمو الخدمات
ارزیابی حذف شد.	Evaluation deleted.	تم حذف التقييم.
ارزیابی ذخیره شد.	Evaluation saved.	تم حفظ التقييم.
ارزیابی مراجعه‌کنندگان	Customer evaluations	تقييمات العملاء
ارزیابی پیدا نشد یا اجازه‌ی حذف آن را ندارید.	The evaluation was not found or you cannot delete it.	لم يُعثر على التقييم أو ليست لديك صلاحية حذفه.
ارزیابی پیدا نشد یا اجازه‌ی ویرایش آن را ندارید.	The evaluation was not found or you cannot edit it.	لم يُعثر على التقييم أو ليست لديك صلاحية تعديله.
ارزیابی‌ای با این فیلترها پیدا نشد.	No evaluations match these filters.	لا توجد تقييمات تطابق هذه المرشحات.
ارزیابی‌شده	Evaluated	تم تقييمه
ارزیابی‌های ثبت‌شده	Saved evaluations	التقييمات المسجلة
ارزیابی‌های مشتری انتخاب‌شده	Selected customer's evaluations	تقييمات العميل المختار
ارسال برای بررسی	Submit for review	إرسال للمراجعة
از	From	من
استانبول (UTC+03:00)	Istanbul (UTC+03:00)	إسطنبول (UTC+03:00)
استفاده کسب‌وکارها	Business usage	استخدام الأنشطة التجارية
استفاده‌شده	In use	مستخدمة
استودیو زیبایی	Beauty studio	استوديو تجميل
اطلاعات حساب	Account details	بيانات الحساب
اطلاعات حساب ذخیره شد.	Account details saved.	تم حفظ بيانات الحساب.
اطلاعات حساب کاربری	Account details	بيانات الحساب
اطلاعات عضو تیم ذخیره شد.	Team member details saved.	تم حفظ بيانات عضو الفريق.
اطلاعات مشتری ذخیره شد.	Customer details saved.	تم حفظ بيانات العميل.
اطلاعات واردشده معتبر نیست.	The information entered is invalid.	البيانات المدخلة غير صالحة.
اطلاعات کاربر هم‌زمان تغییر کرد؛ دوباره تلاش کنید.	The user details changed while you were editing. Please try again.	تغيرت بيانات المستخدم أثناء التعديل. حاول مرة أخرى.
اطلاعات کاربر هم‌زمان تغییر کرد؛ فهرست را تازه کنید و دوباره تلاش کنید.	The user details changed while you were editing. Refresh the list and try again.	تغيرت بيانات المستخدم أثناء التعديل. حدّث القائمة وحاول مرة أخرى.
اطلاعات، سوابق و امتیاز مراجعه‌کنندگان	Customer details, history and ratings	بيانات العملاء وسجلاتهم وتقييماتهم
اعضا	Members	الأعضاء
اعضای تیم	Team members	أعضاء الفريق
اعضای تیم مرتبط با مورد انتخاب‌شده	Team members related to the selected item	أعضاء الفريق المرتبطون بالعنصر المختار
اعضای تیم، وضعیت حساب و سطح دسترسی آن‌ها	Team members, account status and permissions	أعضاء الفريق وحالة حساباتهم وصلاحياتهم
افزودن شعبه‌ی جدید فقط برای مالک کسب‌وکار یا مدیر سامانه مجاز است.	Only the business owner or a platform administrator can add a branch.	يمكن فقط لمالك النشاط أو مدير النظام إضافة فرع.
افزودن عضو	Add member	إضافة عضو
افزودن مشتری	Add customer	إضافة عميل
افزودن خدمت	Add service	إضافة خدمة
افزودن شعبه	Add branch	إضافة فرع
امتیاز	Rating	التقييم
امتیاز ارزیابی	Evaluation score	درجة التقييم
امتیاز باید بین ۱ و ۵ باشد.	Rating must be between 1 and 5.	يجب أن يكون التقييم بين ١ و٥.
امتیاز باید بین ۱ و ۵ و یادداشت حداکثر ۲۰۰۰ نویسه باشد.	Rating must be between 1 and 5 and the note must not exceed 2,000 characters.	يجب أن يكون التقييم بين ١ و٥ وألا تتجاوز الملاحظة ٢٠٠٠ حرف.
امتیاز شما به‌عنوان مراجعه‌کننده	Your customer rating	تقييمك بصفتك عميلًا
امتیاز نظر	Review rating	درجة المراجعة
امتیاز و نظر	Rating and review	التقييم والمراجعة
امتیاز و نظر شما ثبت شد و پس از بررسی مجموعه نمایش داده می‌شود.	Your review was submitted and will appear after the business approves it.	تم إرسال مراجعتك وستظهر بعد موافقة المنشأة عليها.
امتیازها و نظرات	Ratings and reviews	التقييمات والمراجعات
امروز	Today	اليوم
امروز نوبتی ثبت نشده است.	No appointments today.	لا توجد مواعيد اليوم.
امکان تعریف یا ویرایش زمان خالی برای تاریخ گذشته وجود ندارد.	Availability cannot be added or edited for a past date.	لا يمكن إضافة الأوقات المتاحة أو تعديلها لتاريخ سابق.
انتخاب تاریخ	Choose date	اختيار التاريخ
انتخاب زبان	Choose language	اختيار اللغة
انتخاب شهر	Choose city	اختيار المدينة
انتخاب عکس	Choose photo	اختيار صورة
انتخاب‌های شما برای رزروهای بعدی	Your choices for future bookings	اختياراتك للحجوزات القادمة
انتشار	Publish	نشر
انصراف	Cancel	إلغاء
ایمیل	Email	البريد الإلكتروني
ایمیل الزامی است.	Email is required.	البريد الإلكتروني مطلوب.
ایمیل حساب	Account email	بريد الحساب
ایمیل حساب با موفقیت تغییر کرد.	Account email changed successfully.	تم تغيير بريد الحساب بنجاح.
ایمیل مالک (اختیاری؛ باید قبلاً ثبت‌نام کرده باشد)	Owner's email (optional; must already have an account)	بريد المالك (اختياري؛ يجب أن يكون لديه حساب مسجل)
ایمیل معتبر نیست.	Email is invalid.	البريد الإلكتروني غير صالح.
ایمیل واردشده معتبر نیست.	Enter a valid email address.	أدخل عنوان بريد إلكتروني صالحًا.
ایمیل یا رمز عبور اشتباه است.	Incorrect email or password.	البريد الإلكتروني أو كلمة المرور غير صحيحة.
این ایمیل قبلاً برای حساب دیگری ثبت شده است.	This email is already linked to another account.	هذا البريد مرتبط بحساب آخر بالفعل.
این ایمیل قبلاً ثبت شده است.	This email is already registered.	هذا البريد الإلكتروني مسجل بالفعل.
این ایمیل قبلاً ثبت شده است؛ وارد شوید یا ایمیل دیگری بزنید.	This email is already registered. Sign in or use a different email.	هذا البريد مسجل بالفعل. سجّل الدخول أو استخدم بريدًا آخر.
این بازه نوبت فعال دارد؛ نوبت‌های موجود حفظ می‌شوند ولی زمان جدیدی از آن رزرو نخواهد شد.	This period has active appointments. Existing bookings are kept, but no new bookings will be available.	توجد مواعيد نشطة في هذه الفترة. ستُحفظ الحجوزات الحالية ولن تتاح حجوزات جديدة.
این حساب توسط مدیر غیرفعال شده است. برای فعال‌سازی با پشتیبانی تماس بگیرید.	An administrator disabled this account. Contact support to reactivate it.	عطّل المدير هذا الحساب. تواصل مع الدعم لإعادة تفعيله.
این خدمت کاتالوگ قبلاً برای این کسب‌وکار ثبت شده است؛ خدمت موجود را ویرایش کنید.	This catalog service is already added to the business. Edit the existing service.	أضيفت خدمة الكتالوج هذه إلى النشاط بالفعل. عدّل الخدمة الحالية.
این دسته‌بندی قبلاً برای همین نوع ثبت شده است.	This category already exists for this type.	هذا التصنيف موجود بالفعل لهذا النوع.
این دسته‌بندی هم‌زمان ثبت شد؛ عنوان دیگری انتخاب کنید.	Another user just added this category. Choose a different name.	أضاف مستخدم آخر هذا التصنيف للتو. اختر اسمًا آخر.
این رکورد هم‌زمان توسط کاربر دیگری تغییر کرده است؛ صفحه را تازه کنید.	Another user changed this record. Refresh the page.	غيّر مستخدم آخر هذا السجل. حدّث الصفحة.
این زمان دیگر قابل رزرو نیست؛ لطفاً یکی از زمان‌های به‌روز را انتخاب کنید.	This time is no longer available. Choose an updated time slot.	هذا الوقت لم يعد متاحًا. اختر وقتًا من القائمة المحدثة.
این شعبه دیگر قابل رزرو نیست؛ شعبه دیگری را انتخاب کنید.	This branch is no longer available for booking. Choose another branch.	هذا الفرع لم يعد متاحًا للحجز. اختر فرعًا آخر.
این شعبه نوبت فعال پیش‌رو دارد؛ ابتدا نوبت‌ها را لغو یا تکمیل کنید.	This branch has upcoming active appointments. Cancel or complete them first.	لدى هذا الفرع مواعيد قادمة نشطة. ألغها أو أكملها أولًا.
این شناسه URL قبلاً استفاده شده است.	This URL identifier is already in use.	معرّف الرابط هذا مستخدم بالفعل.
این شناسه URL هم‌زمان توسط کاربر دیگری ثبت شد؛ شناسه دیگری انتخاب کنید.	Another user just registered this URL identifier. Choose another one.	سجّل مستخدم آخر معرّف الرابط هذا للتو. اختر معرّفًا آخر.
این شناسه قبلاً استفاده شده است.	This identifier is already in use.	هذا المعرّف مستخدم بالفعل.
این شناسه هم‌زمان ثبت شد؛ شناسه دیگری انتخاب کنید.	This identifier was just registered. Choose another one.	سُجل هذا المعرّف للتو. اختر معرّفًا آخر.
این عضو از قبل به‌عنوان منبع این شعبه ثبت شده است.	This member is already a resource in this branch.	هذا العضو مسجل بالفعل كمورد في هذا الفرع.
این عضو نوبت فعال پیش‌رو دارد؛ ابتدا نوبت‌ها را لغو یا تکمیل کنید.	This member has upcoming active appointments. Cancel or complete them first.	لدى هذا العضو مواعيد قادمة نشطة. ألغها أو أكملها أولًا.
این منبع نوبت فعال پیش‌رو دارد؛ ابتدا نوبت‌هایش را لغو یا تکمیل کنید.	This resource has upcoming active appointments. Cancel or complete them first.	لدى هذا المورد مواعيد قادمة نشطة. ألغها أو أكملها أولًا.
این نقش از قبل وجود دارد.	This role already exists.	هذا الدور موجود بالفعل.
این کاربر از قبل عضو این شعبه است.	This user is already a member of this branch.	هذا المستخدم عضو في هذا الفرع بالفعل.
این کسب‌وکار دیگر قابل رزرو نیست.	This business is no longer available for booking.	هذا النشاط لم يعد متاحًا للحجز.
این کسب‌وکار پیدا نشد یا دیگر فعال نیست.	This business was not found or is no longer active.	لم يُعثر على هذا النشاط أو أنه لم يعد نشطًا.
با فیلترهای انتخاب‌شده نوبتی ثبت نشده است.	No appointments match the selected filters.	لا توجد مواعيد تطابق المرشحات المختارة.
باز و بسته کردن منوی مدیریت	Toggle the management menu	فتح قائمة الإدارة وإغلاقها
باز کردن منوی حساب کاربری	Open account menu	فتح قائمة الحساب
بازه جدید	New availability period	فترة متاحة جديدة
بازه زمانی و شعبه انتخاب‌شده معتبر نیست.	The selected time period or branch is invalid.	الفترة الزمنية أو الفرع المختار غير صالح.
بازه نمایش	Display period	فترة العرض
بازگشت	Back	رجوع
بازگشت به صفحه اصلی	Back to home	العودة إلى الصفحة الرئيسية
بازگشت به صفحه‌ی اصلی	Back to home	العودة إلى الصفحة الرئيسية
بدون ارزیابی	Not evaluated	بلا تقييم
بدون استفاده	Unused	غير مستخدمة
بدون رزرو	No bookings	بلا حجوزات
بدون شماره تماس	No phone number	بلا رقم هاتف
بدون نظر	No reviews	بلا مراجعات
بدون کارمند	No staff	بلا موظفين
برای ادامه، قوانین رزرو را مطالعه و تأیید کنید.	Read and accept the booking terms to continue.	اقرأ شروط الحجز ووافق عليها للمتابعة.
برای این حساب رمز عبور تعریف شده است.	This account has a password.	توجد كلمة مرور لهذا الحساب.
برای این دامنه، کارمند و روز یک بازه هم‌پوشان از همین نوع قبلاً تعریف شده است.	An overlapping period of this type already exists for this scope, staff member and day.	توجد فترة متداخلة من هذا النوع لهذا النطاق والموظف واليوم بالفعل.
برای این شعبه هنوز هیچ کارمندی تعریف نشده است.	No staff have been added to this branch yet.	لم تتم إضافة موظفين لهذا الفرع بعد.
برای این نوبت قبلاً نظر ثبت شده است.	A review has already been submitted for this appointment.	تم إرسال مراجعة لهذا الموعد بالفعل.
برای ترکیب خدمات انتخابی، کارمند فعالی در این شعبه تعریف نشده است. خدمات را کمتر کنید یا شعبه‌ی دیگری را انتخاب کنید.	No active provider in this branch offers all selected services. Select fewer services or choose another branch.	لا يوجد مقدم خدمة نشط في هذا الفرع يقدم جميع الخدمات المختارة. قلّل الخدمات أو اختر فرعًا آخر.
برای ثبت نوبت ابتدا قوانین رزرو را مطالعه و تأیید کنید.	Read and accept the booking terms before booking.	اقرأ شروط الحجز ووافق عليها قبل تأكيد الحجز.
برای ثبت نوبت باید وارد حساب خود شوید یا ثبت‌نام کنید؛ انتخاب‌های شما حفظ می‌شود و بعد از ورود به همین مرحله برمی‌گردید.	Sign in or create an account to book. Your selections are saved and you will return to this step.	سجّل الدخول أو أنشئ حسابًا للحجز. ستُحفظ اختياراتك وستعود إلى هذه الخطوة.
برای ثبت نوبت، قوانین رزرو را مطالعه و تأیید کنید.	Read and accept the booking terms to confirm your appointment.	اقرأ شروط الحجز ووافق عليها لتأكيد موعدك.
برای حضور به‌موقع، حداقل ۱۰ دقیقه پیش از شروع نوبت در شعبه حاضر باشید.	Please arrive at least 10 minutes before your appointment.	يرجى الحضور قبل الموعد بعشر دقائق على الأقل.
برای رزرو نوبت، یک حساب کاربری بسازید.	Create an account to book an appointment.	أنشئ حسابًا لحجز موعد.
برای رزرو و مشاهده نوبت‌هایتان وارد شوید.	Sign in to book and view your appointments.	سجّل الدخول لحجز مواعيدك وعرضها.
برای منبع از نوع «عضو تیم» باید یک عضو را از لیست انتخاب کنید.	Select a member from the list for a team member resource.	اختر عضوًا من القائمة لمورد من نوع «عضو فريق».
برای پیگیری دارید.	to track your booking.	لمتابعة حجزك.
بررسی و تأیید نهایی	Review and confirm	المراجعة والتأكيد النهائي
برنامه نوبت‌ها و پیگیری وضعیت آن‌ها	Appointment schedule and status tracking	جدول المواعيد ومتابعة حالاتها
برنامه کاری پیدا نشد.	Schedule not found.	لم يُعثر على جدول العمل.
برو به آن روز	Go to date	الانتقال إلى التاريخ
بستن	Close	إغلاق
بستن منوی مدیریت	Close the management menu	إغلاق قائمة الإدارة
بستن پنجره	Close dialog	إغلاق النافذة
بغداد (UTC+03:00)	Baghdad (UTC+03:00)	بغداد (UTC+03:00)
بله، لغو شود	Yes, cancel	نعم، إلغاء الموعد
به اعضای این شعبه دسترسی ندارید.	You cannot access this branch's members.	ليست لديك صلاحية الوصول إلى أعضاء هذا الفرع.
به این شعبه دسترسی ندارید.	You cannot access this branch.	ليست لديك صلاحية الوصول إلى هذا الفرع.
به این کسب‌وکار دسترسی ندارید.	You cannot access this business.	ليست لديك صلاحية الوصول إلى هذا النشاط.
به حضور و همکاری مراجعه‌کننده امتیاز بدهید. این امتیاز عمومی نیست.	Rate the customer's attendance and cooperation. This rating is private.	قيّم حضور العميل وتعاونه. هذا التقييم غير عام.
بهترین متخصص‌های اطرافت را پیدا کن، زمان‌های خالی را ببین و در چند ثانیه نوبت بگیر.	Find nearby specialists, see available times and book in seconds.	اعثر على المختصين بالقرب منك، وشاهد الأوقات المتاحة واحجز خلال ثوانٍ.
به‌محض تأیید مجموعه، وضعیت نوبت در «نوبت‌های من» به «تأیید شده» تغییر می‌کند.	When the business confirms, your appointment will show as confirmed in My appointments.	عند تأكيد المنشأة، ستظهر حالة الموعد «مؤكد» في صفحة مواعيدي.
به‌نوبت	Be Nobat	بي نوبات
به‌نوبت | رزرو آنلاین خدمات	Be Nobat | Book services online	بي نوبات | حجز الخدمات عبر الإنترنت
تأیید	Confirm	تأكيد
تأیید خودکار	Automatic confirmation	تأكيد تلقائي
تأیید شده	Confirmed	مؤكد
تأیید نهایی	Final confirmation	التأكيد النهائي
تأیید نوبت را بگیر؛ ما به‌موقع یادت می‌اندازیم.	Get your booking confirmation. We will remind you on time.	احصل على تأكيد حجزك، وسنذكّرك في الوقت المناسب.
تأیید و ثبت نوبت	Confirm booking	تأكيد الحجز
تا	To	إلى
تاریخ	Date	التاريخ
تجهیزات	Equipment	معدات
ترتیب	Order	الترتيب
ترتیب نمایش	Display order	ترتيب العرض
ترتیب نمایش نمی‌تواند منفی باشد.	Display order cannot be negative.	لا يمكن أن يكون ترتيب العرض سالبًا.
تعریف‌های استانداردی که کسب‌وکارها می‌توانند انتخاب و شخصی‌سازی کنند.	Standard services that businesses can select and customize.	خدمات قياسية يمكن للأنشطة اختيارها وتخصيصها.
تعلیق	Suspend	تعليق
تعلیق‌شده	Suspended	معلّق
تغییر ایمیل	Change email	تغيير البريد الإلكتروني
تغییر حالت روشن و تیره	Switch light and dark mode	التبديل بين الوضع الفاتح والداكن
تغییر گذرواژه	Change password	تغيير كلمة المرور
تغییرات ذخیره شد.	Changes saved.	تم حفظ التغييرات.
تقویم نوبت‌ها	Appointment calendar	تقويم المواعيد
تقویم کاری	Work calendar	تقويم العمل
تمام!	Done!	تم!
تندرست	Wellness	العافية
تنظیم	Configure	إعداد
تنظیم خدمت	Configure service	إعداد الخدمة
تنظیمات نمایش	Display settings	إعدادات العرض
تهران	Tehran	طهران
تهران (UTC+03:30)	Tehran (UTC+03:30)	طهران (UTC+03:30)
توضیح برای مجموعه (اختیاری)	Note for the business (optional)	ملاحظة للمنشأة (اختياري)
توضیحات	Description	الوصف
تومان	Toman	تومان
تکرار رمز عبور	Confirm password	تأكيد كلمة المرور
تکرار رمز عبور الزامی است.	Password confirmation is required.	تأكيد كلمة المرور مطلوب.
تکرار گذرواژه‌ی جدید	Confirm new password	تأكيد كلمة المرور الجديدة
تکمیل شد	Complete	إكمال
تکمیل‌شده امروز	Completed today	المكتملة اليوم
ثبت امتیاز	Save rating	حفظ التقييم
ثبت نشده	Not provided	غير مسجل
ثبت نظر	Add review	إضافة مراجعة
ثبت نظر انجام نشد. لطفاً اتصال خود را بررسی کرده و دوباره تلاش کنید.	The review could not be submitted. Check your connection and try again.	تعذّر إرسال المراجعة. تحقق من اتصالك وحاول مرة أخرى.
ثبت نظر برای نوبت‌های من	Review my appointments	مراجعة مواعيدي
ثبت نوبت انجام نشد؛ اطلاعات را بررسی و دوباره تلاش کنید.	The appointment could not be booked. Check the details and try again.	تعذّر حجز الموعد. تحقق من البيانات وحاول مرة أخرى.
ثبت پاسخ و انتشار	Save reply and publish	حفظ الرد والنشر
ثبت‌نام	Register	إنشاء حساب
ثبت‌نام کنید	Create an account	أنشئ حسابًا
جاری و آینده	Current and upcoming	الحالية والقادمة
جزئیات	Details	التفاصيل
جزئیات نوبت در «نوبت‌های من» قابل مشاهده است.	View your booking details in My appointments.	يمكنك عرض تفاصيل الحجز في صفحة مواعيدي.
جست‌وجو	Search	بحث
جست‌وجوهای محبوب:	Popular searches:	عمليات البحث الشائعة:
جست‌وجوی ارزیابی مراجعه‌کنندگان	Search customer evaluations	البحث في تقييمات العملاء
جست‌وجوی خدمات	Search services	البحث عن الخدمات
جست‌وجوی خدمت	Search service	البحث عن خدمة
جست‌وجوی خدمت، کسب‌وکار، شعبه یا ارائه‌دهنده...	Search service, business, branch or provider...	ابحث عن خدمة أو نشاط أو فرع أو مقدم خدمة...
جست‌وجوی دسته‌بندی	Search categories	البحث عن التصنيفات
جست‌وجوی دسته‌بندی...	Search categories...	ابحث عن تصنيف...
جست‌وجوی شعب	Search branches	البحث عن الفروع
جست‌وجوی شعبه، کسب‌وکار، نشانی یا منبع...	Search branch, business, address or resource...	ابحث عن فرع أو نشاط أو عنوان أو مورد...
جست‌وجوی مشتری، مجموعه یا متن نظر...	Search customer, business or review text...	ابحث عن عميل أو منشأة أو نص مراجعة...
جست‌وجوی نام، ایمیل یا شماره تماس...	Search name, email or phone...	ابحث بالاسم أو البريد أو الهاتف...
جست‌وجوی نام، ایمیل یا موبایل...	Search name, email or mobile...	ابحث بالاسم أو البريد أو الجوال...
جست‌وجوی نام، ایمیل، موبایل یا نقش...	Search name, email, mobile or role...	ابحث بالاسم أو البريد أو الجوال أو الدور...
جست‌وجوی نام، دسته یا شناسه...	Search name, category or identifier...	ابحث بالاسم أو التصنيف أو المعرّف...
جست‌وجوی نام، دسته‌بندی یا شهر...	Search name, category or city...	ابحث بالاسم أو التصنيف أو المدينة...
جست‌وجوی نام، شماره تماس، کد پیگیری یا یادداشت...	Search name, phone, tracking code or note...	ابحث بالاسم أو الهاتف أو رمز المتابعة أو الملاحظة...
جست‌وجوی نظرات	Search reviews	البحث في المراجعات
جست‌وجوی نوبت	Search appointments	البحث عن المواعيد
جست‌وجوی کاتالوگ خدمات	Search service catalog	البحث في كتالوج الخدمات
جست‌وجوی کاربران	Search users	البحث عن المستخدمين
جست‌وجوی کسب‌وکار	Search businesses	البحث عن الأنشطة
جمعه	Friday	الجمعة
حجم عکس نباید بیشتر از ۲ مگابایت باشد.	The photo must not exceed 2 MB.	يجب ألا يتجاوز حجم الصورة ٢ ميغابايت.
حداقل یک خدمت را انتخاب کنید.	Select at least one service.	اختر خدمة واحدة على الأقل.
حداقل یک خدمت فعال همین شعبه را برای ارائه‌دهنده انتخاب کنید.	Select at least one active service in this branch for the provider.	اختر خدمة نشطة واحدة على الأقل في هذا الفرع لمقدم الخدمة.
حداقل یک کارمند ارائه‌دهنده را انتخاب کنید.	Select at least one provider.	اختر مقدم خدمة واحدًا على الأقل.
حذف	Delete	حذف
حذف عکس	Remove photo	حذف الصورة
حذف فیلتر ارائه‌دهنده	Clear provider filter	إزالة مرشح مقدم الخدمة
حذف فیلتر خدمت	Clear service filter	إزالة مرشح الخدمة
حذف فیلتر شعبه	Clear branch filter	إزالة مرشح الفرع
حذف فیلتر مشتری	Clear customer filter	إزالة مرشح العميل
حذف منبع	Remove resource	إزالة المورد
حساب خودتان را نمی‌توانید غیرفعال کنید.	You cannot disable your own account.	لا يمكنك تعطيل حسابك الشخصي.
حساب شما موقتاً به دلیل تلاش‌های ناموفق متعدد قفل شده است؛ چند دقیقه بعد دوباره تلاش کنید.	Your account is temporarily locked after multiple failed attempts. Try again in a few minutes.	حسابك مقفل مؤقتًا بعد عدة محاولات فاشلة. حاول بعد بضع دقائق.
حساب مالک غیرفعال است.	The owner's account is disabled.	حساب المالك غير نشط.
حساب من	My account	حسابي
حساب کاربری	Account	الحساب
حساب کاربری ندارید؟	Don't have an account?	ليس لديك حساب؟
خدمات	Services	الخدمات
خدمات انتخاب‌شده به همه کارکنان شعبه تخصیص داده می‌شوند.	The selected services will be assigned to all branch staff.	ستُسند الخدمات المختارة إلى جميع موظفي الفرع.
خدمات خودرو	Vehicle services	خدمات السيارات
خدمات شعب	Branch services	خدمات الفروع
خدمات فعال	Active services	الخدمات النشطة
خدمات قابل ارائه توسط این کارمند	Services offered by this provider	الخدمات التي يقدمها هذا الموظف
خدمات قابل ارائه توسط همه کارکنان	Services offered by all staff	الخدمات التي يقدمها جميع الموظفين
خدمات قابل رزرو	Bookable services	الخدمات المتاحة للحجز
خدمات منزل	Home services	خدمات المنزل
خدمات موردنظر را انتخاب کنید	Choose your services	اختر خدماتك
خدمت	Service	الخدمة
خدمت اختصاصی	Custom service	خدمة مخصصة
خدمت انتخابی	Selected service	الخدمة المختارة
خدمت انتخاب‌شده	Selected service	الخدمة المختارة
خدمت جدید	New service	خدمة جديدة
خدمت پیدا نشد یا حذف شده است؛ فهرست را تازه کنید.	The service was not found or has been removed. Refresh the list.	لم يُعثر على الخدمة أو حُذفت. حدّث القائمة.
خدمت پیدا نشد.	Service not found.	لم يُعثر على الخدمة.
خدمت کاتالوگ	Catalog service	خدمة من الكتالوج
خدمت کاتالوگ انتخاب‌شده فعال نیست.	The selected catalog service is inactive.	خدمة الكتالوج المختارة غير نشطة.
خدمت کاتالوگ جدید	New catalog service	خدمة كتالوج جديدة
خدمت یا متخصص موردنظرت را در نزدیکی خودت پیدا کن.	Find the service or specialist you need nearby.	اعثر على الخدمة أو المختص الذي تحتاجه بالقرب منك.
خدمتی با این فیلترها پیدا نشد.	No services match these filters.	لا توجد خدمات تطابق هذه المرشحات.
خروج	Sign out	تسجيل الخروج
خروج از حساب	Sign out	تسجيل الخروج
خطای ناشناخته‌ای رخ داد؛ لطفاً دوباره تلاش کنید.	An unexpected error occurred. Please try again.	حدث خطأ غير متوقع. حاول مرة أخرى.
خلاصه نوبت	Booking summary	ملخص الموعد
خواندن فایل انجام نشد؛ دوباره تلاش کنید.	The file could not be read. Please try again.	تعذّرت قراءة الملف. حاول مرة أخرى.
داشبورد	Dashboard	لوحة التحكم
داشبورد به‌نوبت	Be Nobat dashboard	لوحة تحكم بي نوبات
داشبورد مدیریت	Management dashboard	لوحة الإدارة
دامپزشکی	Veterinary care	الرعاية البيطرية
دبی (UTC+04:00)	Dubai (UTC+04:00)	دبي (UTC+04:00)
در انتظار	Pending	قيد الانتظار
در انتظار بررسی	Awaiting review	بانتظار المراجعة
در انتظار تأیید	Awaiting confirmation	بانتظار التأكيد
در این بخش بازه‌ای وجود ندارد.	No availability periods in this section.	لا توجد فترات متاحة في هذا القسم.
در حال ارسال…	Submitting…	جارٍ الإرسال…
در حال بررسی زمان‌های خالی…	Checking availability…	جارٍ التحقق من الأوقات المتاحة…
در حال دریافت اطلاعات…	Loading details…	جارٍ تحميل البيانات…
در حال دریافت علاقه‌مندی‌ها…	Loading favorites…	جارٍ تحميل المفضلة…
در حال دریافت نظرها…	Loading reviews…	جارٍ تحميل المراجعات…
در حال دریافت نوبت‌ها…	Loading appointments…	جارٍ تحميل المواعيد…
در حال لغو…	Cancelling…	جارٍ الإلغاء…
در دسترس کسب‌وکارها باشد	Make available to businesses	إتاحتها للأنشطة التجارية
در شعب تحت مدیریت دارید.	across your managed branches.	في الفروع التي تديرها.
در صورت تأخیر، مدت خدمت ممکن است کوتاه شود یا نوبت با هماهنگی شعبه جابه‌جا شود.	If you arrive late, the service may be shortened or rescheduled with the branch.	عند التأخر، قد تقل مدة الخدمة أو يُعاد تحديد الموعد بالتنسيق مع الفرع.
درخواست نوبت شما ثبت شد	Your booking request was submitted	تم إرسال طلب حجزك
دریافت زمان‌های خالی ممکن نشد. لطفاً تاریخ دیگری را انتخاب کنید یا به مرحله قبل بازگردید.	Availability could not be loaded. Choose another date or return to the previous step.	تعذّر تحميل الأوقات المتاحة. اختر تاريخًا آخر أو ارجع إلى الخطوة السابقة.
دسترسی سراسری	Platform access	صلاحيات النظام
دسترسی سریع	Quick access	وصول سريع
دسترسی غیرمجاز	Access denied	الوصول غير مسموح
دسترسی مدیریت سامانه ندارید؛ دوباره وارد حساب شوید.	You do not have platform management access. Sign in again.	ليست لديك صلاحية إدارة النظام. سجّل الدخول مجددًا.
دسترسی‌ها هم‌زمان تغییر کردند؛ دوباره تلاش کنید.	Permissions changed while you were editing. Please try again.	تغيرت الصلاحيات أثناء التعديل. حاول مرة أخرى.
دسترسی‌های سامانه	Platform access	صلاحيات النظام
دسته‌بندی	Category	التصنيف
دسته‌بندی انتخاب‌شده فعال نیست؛ ابتدا یک دسته‌بندی فعال بسازید.	The selected category is inactive. Create an active category first.	التصنيف المختار غير نشط. أنشئ تصنيفًا نشطًا أولًا.
دسته‌بندی انتخاب‌شده فعال نیست؛ یک دسته‌بندی فعال انتخاب کنید.	The selected category is inactive. Choose an active category.	التصنيف المختار غير نشط. اختر تصنيفًا نشطًا.
دسته‌بندی جدید	New category	تصنيف جديد
دسته‌بندی پیدا نشد یا حذف شده است؛ فهرست را تازه کنید.	The category was not found or has been removed. Refresh the list.	لم يُعثر على التصنيف أو حُذف. حدّث القائمة.
دسته‌بندی یا توضیحات خدمت معتبر نیست.	The service category or description is invalid.	تصنيف الخدمة أو وصفها غير صالح.
دسته‌بندی‌ای با این فیلترها پیدا نشد.	No categories match these filters.	لا توجد تصنيفات تطابق هذه المرشحات.
دسته‌بندی‌ها	Categories	التصنيفات
دسته‌های قابل انتخاب برای کسب‌وکارها و کاتالوگ خدمات را مدیریت کنید.	Manage categories for businesses and the service catalog.	إدارة تصنيفات الأنشطة التجارية وكتالوج الخدمات.
دنبال چه خدمتی هستی؟	What service are you looking for?	ما الخدمة التي تبحث عنها؟
دندان	Dental	الأسنان
دندانپزشکی	Dentistry	طب الأسنان
دوشنبه	Monday	الاثنين
دیدن کسب‌وکارها	Browse businesses	تصفح الأنشطة
ذخیره	Save	حفظ
ذخیره ارزیابی	Save evaluation	حفظ التقييم
ذخیره انجام نشد؛ ممکن است این ارزیابی هم‌زمان تغییر کرده باشد. دوباره بررسی کنید.	The evaluation could not be saved. It may have changed; check again.	تعذّر حفظ التقييم. ربما تغير أثناء التعديل؛ تحقق مجددًا.
ذخیره تغییرات	Save changes	حفظ التغييرات
ذخیره خدمت و تخصیص‌ها	Save service and assignments	حفظ الخدمة والتخصيصات
ذخیره در کاتالوگ	Save to catalog	حفظ في الكتالوج
ذخیره دسته‌بندی	Save category	حفظ التصنيف
ذخیره نقش	Save role	حفظ الدور
راه ساده‌تر برای پیدا کردن و رزرو بهترین خدمات.	An easier way to find and book the best services.	طريقة أسهل للعثور على أفضل الخدمات وحجزها.
رد	Reject	رفض
ردشده	Rejected	مرفوض
رزرو آنلاین	Online booking	حجز عبر الإنترنت
رزرو آنلاین خدمات	Book services online	حجز الخدمات عبر الإنترنت
رزرو باید حداقل ۳۰ دقیقه پیش از شروع نوبت انجام شود.	Book at least 30 minutes before the appointment starts.	احجز قبل بداية الموعد بثلاثين دقيقة على الأقل.
رزرو شده	Booked	محجوز
رزرو مجدد	Book again	حجز مجدد
رزرو نوبت	Book appointment	حجز موعد
رزرو نوبت جدید	Book a new appointment	حجز موعد جديد
رزرو کن.	Book.	احجز.
رفتن به تاریخ	Go to date	الانتقال إلى التاريخ
رفتن به نوبت‌های من	Go to My appointments	الانتقال إلى مواعيدي
رمز حساب خودتان را از بخش پروفایل تغییر دهید.	Change your own password from your profile.	غيّر كلمة مرور حسابك من ملفك الشخصي.
رمز عبور	Password	كلمة المرور
رمز عبور الزامی است.	Password is required.	كلمة المرور مطلوبة.
رمز عبور باید حداقل یک حرف بزرگ انگلیسی داشته باشد.	Password must contain at least one uppercase Latin letter.	يجب أن تتضمن كلمة المرور حرفًا لاتينيًا كبيرًا واحدًا على الأقل.
رمز عبور باید حداقل یک حرف کوچک انگلیسی داشته باشد.	Password must contain at least one lowercase Latin letter.	يجب أن تتضمن كلمة المرور حرفًا لاتينيًا صغيرًا واحدًا على الأقل.
رمز عبور باید حداقل یک رقم داشته باشد.	Password must contain at least one number.	يجب أن تتضمن كلمة المرور رقمًا واحدًا على الأقل.
رمز عبور باید حداقل یک کاراکتر غیرحرفی-عددی داشته باشد.	Password must contain at least one symbol.	يجب أن تتضمن كلمة المرور رمزًا واحدًا على الأقل.
رمز عبور باید حداقل ۶ کاراکتر باشد.	Password must contain at least 6 characters.	يجب ألا تقل كلمة المرور عن ٦ أحرف.
رمز عبور فعلی درست نیست.	The current password is incorrect.	كلمة المرور الحالية غير صحيحة.
رمز عبور و تکرار آن یکسان نیستند.	Passwords do not match.	كلمتا المرور غير متطابقتين.
روز	Day	اليوم
روز انتخاب‌شده	Selected day	اليوم المختار
روز بعد	Next day	اليوم التالي
روز قبل	Previous day	اليوم السابق
روش تعریف خدمت	Service setup method	طريقة إنشاء الخدمة
ریست رمز	Reset password	إعادة تعيين كلمة المرور
زمان	Time	الوقت
زمان را انتخاب کن	Choose a time	اختر وقتًا
زمان مراجعه	Appointment time	وقت الموعد
زمانی که انتخاب کرده بودید دیگر خالی نیست؛ لطفاً زمان دیگری را انتخاب کنید.	The selected time is no longer available. Choose another time.	الوقت المختار لم يعد متاحًا. اختر وقتًا آخر.
زمان‌های خالی	Availability	الأوقات المتاحة
زمان‌های خالی را ببین و مناسب‌ترین وقت را بردار.	See available times and choose what suits you.	شاهد الأوقات المتاحة واختر ما يناسبك.
زمان‌های خالی را لحظه‌ای ببینید	See live availability	شاهد الأوقات المتاحة مباشرةً
زیبایی و آرایش	Beauty and grooming	التجميل والعناية
ساخت حساب کاربری	Create account	إنشاء حساب
ساده، سریع، مطمئن	Simple, fast, reliable	بسيط وسريع وموثوق
ساعات قابل رزرو شعبه یا هر کارمند را مشخص کنید.	Set bookable hours for a branch or staff member.	حدّد ساعات الحجز المتاحة للفرع أو الموظف.
ساعت کاری	Working hours	ساعات العمل
ساعت کاری باید بین ۰ تا ۲۴ باشد.	Working hours must be between 0 and 24.	يجب أن تكون ساعات العمل بين ٠ و٢٤.
سال	Year	السنة
سلامت و تندرستی	Health and wellness	الصحة والعافية
سه‌شنبه	Tuesday	الثلاثاء
شب بخیر!	Good evening!	مساء الخير!
شروع کار	Opening hour	بداية العمل
شعب	Branches	الفروع
شعب فعال	Active branches	الفروع النشطة
شعب مرتبط با مورد انتخاب‌شده	Branches related to the selected item	الفروع المرتبطة بالعنصر المختار
شعب و منابع	Branches and resources	الفروع والموارد
شعبه	Branch	الفرع
شعبه ارزیابی	Evaluation branch	فرع التقييم
شعبه انتخاب‌شده	Selected branch	الفرع المختار
شعبه جدید	New branch	فرع جديد
شعبه مرکزی	Main branch	الفرع الرئيسي
شعبه پیدا نشد.	Branch not found.	لم يُعثر على الفرع.
شعبه، نوع یا نام منبع معتبر نیست.	The branch, resource type or name is invalid.	الفرع أو نوع المورد أو اسمه غير صالح.
شعبه‌ای با این فیلترها پیدا نشد.	No branches match these filters.	لا توجد فروع تطابق هذه المرشحات.
شعبه‌ی دیگری را انتخاب کنید.	Choose another branch.	اختر فرعًا آخر.
شما اجازه‌ی دسترسی به این بخش را ندارید.	You cannot access this section.	ليست لديك صلاحية الوصول إلى هذا القسم.
شما اجازه‌ی دسترسی به این صفحه را ندارید.	You cannot access this page.	ليست لديك صلاحية الوصول إلى هذه الصفحة.
شما در همین بازه‌ی زمانی نوبت فعال دیگری دارید؛ زمان دیگری را انتخاب کنید.	You already have an active appointment at this time. Choose another time.	لديك موعد نشط آخر في هذه الفترة. اختر وقتًا آخر.
شماره تماس	Phone number	رقم الهاتف
شماره موبایل	Mobile number	رقم الجوال
شماره موبایل الزامی است.	Mobile number is required.	رقم الجوال مطلوب.
شماره موبایل باید ۱۱ رقم و با ۰۹ شروع شود.	Mobile number must have 11 digits and start with 09.	يجب أن يتكون رقم الجوال من ١١ رقمًا ويبدأ بـ٠٩.
شماره موبایل ثبت نشده	Mobile number not provided	رقم الجوال غير مسجل
شماره موبایل شما (برای هماهنگی مجموعه)	Your mobile number (for coordination with the business)	رقم جوالك (للتنسيق مع المنشأة)
شماره پیگیری	Tracking number	رقم المتابعة
شناسه URL	URL identifier	معرّف الرابط
شناسه URL (اختیاری؛ خالی بماند خودکار ساخته می‌شود)	URL identifier (optional; generated automatically if empty)	معرّف الرابط (اختياري؛ يُنشأ تلقائيًا إذا تُرك فارغًا)
شناسه URL باید حداکثر ۱۰۰ نویسه و فقط شامل حروف انگلیسی، عدد و خط تیره باشد.	URL identifier must be at most 100 characters using Latin letters, numbers and hyphens.	يجب ألا يتجاوز معرّف الرابط ١٠٠ حرف وأن يحتوي فقط على حروف لاتينية وأرقام وشرطات.
شنبه	Saturday	السبت
شهر	City	المدينة
شهر، توضیحات، نام شعبه یا ایمیل بیش از حد طولانی است.	The city, description, branch name or email is too long.	المدينة أو الوصف أو اسم الفرع أو البريد الإلكتروني أطول من المسموح.
صبح بخیر!	Good morning!	صباح الخير!
صفحه اصلی	Home	الصفحة الرئيسية
صفحه عمومی	Public page	الصفحة العامة
صفحه موردنظر پیدا نشد یا دیگر فعال نیست.	This page was not found or is no longer active.	لم يُعثر على هذه الصفحة أو أنها لم تعد نشطة.
صفحه پیدا نشد	Page not found	الصفحة غير موجودة
ظهر بخیر!	Good afternoon!	طاب نهارك!
عدم حضور	No show	عدم الحضور
عدم دسترسی	Access denied	الوصول غير مسموح
عصر بخیر!	Good afternoon!	مساء الخير!
عضو تیم	Team member	عضو الفريق
عضو تیم جدید	New team member	عضو فريق جديد
عضو جدید به شعبه اضافه شد.	A new member was added to the branch.	تمت إضافة عضو جديد إلى الفرع.
علاقه‌مندی‌ها	Favorites	المفضلة
عمومی	General	عام
عنوان	Title	العنوان
عنوان دسته‌بندی باید بین ۱ تا ۲۰۰ نویسه باشد.	The category name must be between 1 and 200 characters.	يجب أن يكون اسم التصنيف بين ١ و٢٠٠ حرف.
عکس پروفایل	Profile photo	صورة الملف الشخصي
عکس پروفایل به‌روزرسانی شد.	Profile photo updated.	تم تحديث صورة الملف الشخصي.
عکس پروفایل حذف شد.	Profile photo removed.	تم حذف صورة الملف الشخصي.
عکس، مشخصات تماس، ایمیل و نظرهای ثبت‌شده‌ی خود را مدیریت کنید.	Manage your photo, contact details, email and submitted reviews.	إدارة صورتك وبيانات الاتصال والبريد والمراجعات المسجلة.
غیرفعال	Inactive	غير نشط
غیرفعال‌سازی	Disable	تعطيل
فارسی	فارسی	فارسی
فعال	Active	نشط
فعال‌سازی	Enable	تفعيل
فقط فایل‌های PNG، JPEG و WebP پذیرفته می‌شوند.	Only PNG, JPEG and WebP files are accepted.	تُقبل ملفات PNG وJPEG وWebP فقط.
فقط مراجعه‌کننده‌ی این نوبت می‌تواند پس از تکمیل خدمت امتیاز ثبت کند.	Only the customer of this completed appointment can submit a review.	يمكن فقط لعميل هذا الموعد إضافة مراجعة بعد إكمال الخدمة.
فقط کارکنانی نمایش داده می‌شوند که همه خدمات انتخابی را ارائه می‌کنند.	Only providers offering all selected services are shown.	يظهر فقط مقدمو الخدمات الذين يقدمون جميع الخدمات المختارة.
فهرست خدمات مرتبط با مورد انتخاب‌شده	Services related to the selected item	الخدمات المرتبطة بالعنصر المختار
فیزیوتراپی و توان‌بخشی	Physiotherapy and rehabilitation	العلاج الطبيعي والتأهيل
فیلتر ارائه‌دهنده	Provider filter	مرشح مقدم الخدمة
فیلتر استفاده کسب‌وکارها	Business usage filter	مرشح استخدام الأنشطة
فیلتر دسته‌بندی خدمت	Service category filter	مرشح تصنيف الخدمة
فیلتر دسته‌بندی کسب‌وکار	Business category filter	مرشح تصنيف النشاط
فیلتر شعبه	Branch filter	مرشح الفرع
فیلتر شهر	City filter	مرشح المدينة
فیلتر نقش کاربر	User role filter	مرشح دور المستخدم
فیلتر نوع دسته‌بندی	Category type filter	مرشح نوع التصنيف
فیلتر وضعیت انتشار	Publication status filter	مرشح حالة النشر
فیلتر وضعیت حساب	Account status filter	مرشح حالة الحساب
فیلتر وضعیت دسته‌بندی	Category status filter	مرشح حالة التصنيف
فیلتر وضعیت کسب‌وکار	Business status filter	مرشح حالة النشاط
فیلتر کسب‌وکار	Business filter	مرشح النشاط
فیلترهای انتخاب‌شده	Selected filters	المرشحات المختارة
قابل رزرو	Bookable	متاح للحجز
قابل رزرو باشد	Allow booking	إتاحة الحجز
قبلاً ثبت‌نام کرده‌اید؟	Already have an account?	لديك حساب بالفعل؟
قفل کردن این حساب فعال نیست.	Account lockout is not enabled for this account.	قفل الحساب غير مفعّل لهذا الحساب.
قوانین را خواندم و تأیید می‌کنم	I have read and accept the terms	قرأت الشروط وأوافق عليها
قوانین رزرو را پذیرفته‌اید.	You accepted the booking terms.	وافقت على شروط الحجز.
قوانین رزرو نوبت	Booking terms	شروط الحجز
قیمت خدمت (تومان)	Service price (Toman)	سعر الخدمة (تومان)
قیمت خدمت نمی‌تواند منفی باشد.	Service price cannot be negative.	لا يمكن أن يكون سعر الخدمة سالبًا.
قیمت یا مدت خدمات تغییر کرده است؛ اطلاعات به‌روز را بررسی و زمان را دوباره انتخاب کنید.	Service prices or durations have changed. Review the updated details and select a time again.	تغيرت أسعار الخدمات أو مدتها. راجع البيانات المحدثة واختر الوقت مجددًا.
لطفاً صبر کنید…	Please wait…	يرجى الانتظار…
لغو	Cancel	إلغاء
لغو اینترنتی بسته شده؛ با شعبه تماس بگیرید.	Online cancellation is closed. Contact the branch.	الإلغاء عبر الإنترنت مغلق. تواصل مع الفرع.
لغو اینترنتی فقط تا دو ساعت پیش از شروع نوبت امکان‌پذیر است.	Online cancellation is available until two hours before the appointment.	يمكن الإلغاء عبر الإنترنت حتى ساعتين قبل الموعد.
لغو اینترنتی فقط تا دو ساعت پیش از شروع نوبت امکان‌پذیر است؛ برای موارد فوری با شعبه تماس بگیرید.	Cancel online at least two hours before the appointment. For urgent requests, contact the branch.	ألغِ عبر الإنترنت قبل الموعد بساعتين على الأقل. للطلبات العاجلة، تواصل مع الفرع.
لغو شده	Cancelled	ملغى
لغو نوبت	Cancel appointment	إلغاء الموعد
لغو نوبت انجام نشد؛ دوباره تلاش کنید.	The appointment could not be cancelled. Please try again.	تعذّر إلغاء الموعد. حاول مرة أخرى.
لندن	London	لندن
ماساژ	Massage	التدليك
ماساژ و تندرستی	Massage and wellness	التدليك والعافية
مالک	Owner	المالك
ماه	Month	الشهر
مبلغ قابل پرداخت	Amount due	المبلغ المستحق
مبلغ نمایش‌داده‌شده بر اساس خدمات انتخابی است و خدمات اضافه با تأیید شما محاسبه می‌شود.	The amount shown covers your selected services. Extra services are charged only with your approval.	المبلغ المعروض للخدمات المختارة. تُضاف رسوم الخدمات الإضافية بموافقتك فقط.
متخصص	Specialist	المختص
متخصص شما	Your specialist	مختصك
مثلاً ۰۹۱۲۱۲۳۴۵۶۷	For example 09121234567	مثلًا ٠٩١٢١٢٣٤٥٦٧
محبوب‌ترین‌های نزدیک شما	Popular businesses near you	الأنشطة الشائعة بالقرب منك
مدت	Duration	المدة
مدت (دقیقه)	Duration (minutes)	المدة (دقائق)
مدت خدمت باید بین ۵ تا ۱۴۴۰ دقیقه باشد.	Service duration must be between 5 and 1,440 minutes.	يجب أن تكون مدة الخدمة بين ٥ و١٤٤٠ دقيقة.
مدت پیشنهادی (دقیقه)	Suggested duration (minutes)	المدة المقترحة (دقائق)
مدت پیشنهادی باید بین ۵ تا ۱۴۴۰ دقیقه باشد.	Suggested duration must be between 5 and 1,440 minutes.	يجب أن تكون المدة المقترحة بين ٥ و١٤٤٠ دقيقة.
مدیر	Manager	المدير
مدیر شعبه	Branch manager	مدير الفرع
مدیر کسب‌وکار	Business manager	مدير النشاط
مدیر کل سامانه	Platform administrator	مدير النظام
مدیریت	Management	الإدارة
مدیریت خدمات	Manage services	إدارة الخدمات
مدیریت دسته‌بندی‌ها	Manage categories	إدارة التصنيفات
مدیریت سامانه	Platform management	إدارة النظام
مدیریت عضویت شعبه	Manage branch membership	إدارة عضوية الفرع
مدیریت منبع در شعبه	Manage branch resource	إدارة مورد الفرع
مدیریت کسب‌وکار	Business management	إدارة النشاط
مدیریت کسب‌وکارها	Manage businesses	إدارة الأنشطة
مدیریت کل سامانه	Platform administration	إدارة النظام
مرا به خاطر بسپار	Remember me	تذكرني
مراکز برتر	Top businesses	أفضل المنشآت
مسدود	Blocked	محظور
مسیر مرتبط	Related navigation	مسار التنقل
مشاهده ارزیابی‌های مشتری	View customer evaluations	عرض تقييمات العميل
مشاهده تقویم	View calendar	عرض التقويم
مشاهده صفحه عمومی	View public page	عرض الصفحة العامة
مشاهده قوانین	View terms	عرض الشروط
مشاهده نظرها	View reviews	عرض المراجعات
مشاهده نوبت‌های من	View My appointments	عرض مواعيدي
مشاهده همه نوبت‌های مشتری	View all customer appointments	عرض جميع مواعيد العميل
مشاهده کسب‌وکار	View business	عرض النشاط
مشاوره و روان‌شناسی	Counselling and psychology	الاستشارات وعلم النفس
مشتری	Customer	العميل
مشتری انتخاب‌شده	Selected customer	العميل المختار
مشتری جدید	New customer	عميل جديد
مشتریان	Customers	العملاء
مشتریان مرتبط با مورد انتخاب‌شده	Customers related to the selected item	العملاء المرتبطون بالعنصر المختار
مشخصات من	My details	بياناتي
مطالعه و تأیید قوانین	Read and accept terms	قراءة الشروط والموافقة عليها
منابع	Resources	الموارد
منتشرشده	Published	منشور
منتظر تأیید مجموعه است؛ پس از تأیید وضعیت اینجا تغییر می‌کند.	Awaiting the business's confirmation. The status here will update once confirmed.	بانتظار تأكيد المنشأة. ستتغير الحالة هنا بعد التأكيد.
منتظر تأیید مجموعه باشید	Await business confirmation	انتظر تأكيد المنشأة
منتظرت هستیم!	See you soon!	نتطلع إلى حضورك!
منطقه زمانی	Time zone	المنطقة الزمنية
منوی مدیریت	Management menu	قائمة الإدارة
مو و آرایش	Hair and grooming	الشعر والعناية
موردی با این فیلترها پیدا نشد.	No items match these filters.	لا توجد عناصر تطابق هذه المرشحات.
موردی برای نمایش وجود ندارد.	No items to display.	لا توجد عناصر لعرضها.
میانگین امتیاز (منتشرشده)	Average rating (published)	متوسط التقييم (المنشور)
ناخن	Nails	الأظافر
نام	Name	الاسم
نام استاندارد	Standard name	الاسم القياسي
نام الزامی است.	Name is required.	الاسم مطلوب.
نام خدمت	Service name	اسم الخدمة
نام خدمت باید بین ۱ تا ۲۰۰ نویسه باشد.	Service name must be between 1 and 200 characters.	يجب أن يكون اسم الخدمة بين ١ و٢٠٠ حرف.
نام خدمت را وارد کنید.	Enter the service name.	أدخل اسم الخدمة.
نام شعبه	Branch name	اسم الفرع
نام شعبه‌ی اول	First branch name	اسم الفرع الأول
نام منبع الزامی است.	Resource name is required.	اسم المورد مطلوب.
نام نباید بیشتر از ۸۰ کاراکتر باشد.	Name must not exceed 80 characters.	يجب ألا يتجاوز الاسم ٨٠ حرفًا.
نام نمایشی منبع	Resource display name	اسم عرض المورد
نام و ایمیل معتبر الزامی است.	A name and valid email are required.	الاسم والبريد الإلكتروني الصالح مطلوبان.
نام و مشخصات از کاتالوگ تکمیل می‌شود.	The name and details are filled from the catalog.	يُملأ الاسم والبيانات من الكتالوج.
نام و نام خانوادگی	Full name	الاسم الكامل
نام کسب‌وکار	Business name	اسم النشاط
نام کسب‌وکار باید بین ۱ تا ۲۰۰ نویسه باشد.	Business name must be between 1 and 200 characters.	يجب أن يكون اسم النشاط بين ١ و٢٠٠ حرف.
نام یا توضیحات خدمت معتبر نیست.	The service name or description is invalid.	اسم الخدمة أو وصفها غير صالح.
نام، نشانی یا منطقه زمانی معتبر نیست.	The name, address or time zone is invalid.	الاسم أو العنوان أو المنطقة الزمنية غير صالحة.
نام، کسب‌وکار و ساعت کاری معتبر الزامی است.	A name, business and valid working hours are required.	الاسم والنشاط وساعات العمل الصالحة مطلوبة.
نتایج جست‌وجو	Search results	نتائج البحث
نشانی	Address	العنوان
نشانی، امتیاز و رزرو در یک نگاه	Address, rating and booking at a glance	العنوان والتقييم والحجز في لمحة
نشانی، ساعات کاری، اعضا و منابع قابل رزرو هر شعبه را مدیریت کنید.	Manage each branch's address, working hours, members and bookable resources.	إدارة عنوان كل فرع وساعات عمله وأعضائه وموارده المتاحة للحجز.
نظر ثبت شد	Review submitted	تم إرسال المراجعة
نظر شما (اختیاری)	Your review (optional)	مراجعتك (اختياري)
نظر مشتریان	Customer reviews	مراجعات العملاء
نظر مشتریان را بررسی و پاسخ دهید، و به مراجعه‌کنندگان امتیاز بدهید.	Moderate and reply to reviews, and evaluate your customers.	راجع آراء العملاء وأجب عليها، وقيّم العملاء.
نظر واقعی مراجعه‌کنندگان	Real customer reviews	مراجعات حقيقية من العملاء
نظر پیدا نشد یا اجازه‌ی تغییر آن را ندارید.	The review was not found or you cannot change it.	لم يُعثر على المراجعة أو ليست لديك صلاحية تعديلها.
نظر پیدا نشد یا اجازه‌ی پاسخ به آن را ندارید.	The review was not found or you cannot reply to it.	لم يُعثر على المراجعة أو ليست لديك صلاحية الرد عليها.
نظرات مشتریان	Customer reviews	مراجعات العملاء
نظرات منتشرشده	Published reviews	المراجعات المنشورة
نظری با این فیلترها پیدا نشد.	No reviews match these filters.	لا توجد مراجعات تطابق هذه المرشحات.
نقش «مالک» را فقط مالک کسب‌وکار یا مدیر سامانه می‌تواند بدهد.	Only the business owner or a platform administrator can assign the owner role.	يمكن فقط لمالك النشاط أو مدير النظام منح دور المالك.
نقش انتخاب‌شده معتبر نیست.	The selected role is invalid.	الدور المختار غير صالح.
نقش در شعبه	Branch role	الدور في الفرع
نقش سراسری، اطلاعات تماس و وضعیت حساب کاربران را مدیریت کنید.	Manage users' platform roles, contact details and account status.	إدارة أدوار المستخدمين العامة وبيانات الاتصال وحالة الحساب.
نقش مالک، مدیر یا کارمند را از عضویت‌های شعبه مدیریت کنید.	Manage owner, manager and staff roles through branch memberships.	إدارة أدوار المالك والمدير والموظف من خلال عضويات الفروع.
نقش مدیر کل را برای حساب خودتان نمی‌توانید کم کنید؛ از مدیر دیگری بخواهید.	You cannot remove your own administrator role. Ask another administrator.	لا يمكنك إزالة دور المدير من حسابك. اطلب ذلك من مدير آخر.
نقش و شعبه‌ی عضو را از صفحه‌ی «شعب و منابع ← اعضا» تغییر دهید.	Change the member's role and branch from Branches and resources → Members.	غيّر دور العضو وفرعه من صفحة «الفروع والموارد ← الأعضاء».
نمای مدیریتی کل سامانه و وضعیت همه نوبت‌ها	Platform overview and all appointment statuses	نظرة عامة على النظام وحالات جميع المواعيد
نمای کلی تمام مستأجرها، شعب و وضعیت انتشار در سامانه.	Overview of businesses, branches and publication status across the platform.	نظرة عامة على الأنشطة والفروع وحالة النشر في النظام.
نمایش نظرات منتشرشده برای میانگین امتیاز	Show published reviews used for the average rating	عرض المراجعات المنشورة المستخدمة في متوسط التقييم
نمونه کارت نوبت‌دهی	Example appointment card	مثال لبطاقة الموعد
نمونه‌ی کارت مرکز	Example business card	مثال لبطاقة المنشأة
نوبت تکمیل‌شده پیدا نشد.	Completed appointment not found.	لم يُعثر على الموعد المكتمل.
نوبت تکمیل‌شده‌ای بدون ارزیابی با این فیلترها پیدا نشد.	No completed appointments without evaluations match these filters.	لا توجد مواعيد مكتملة بلا تقييم تطابق هذه المرشحات.
نوبت شما بلافاصله پس از ثبت قطعی می‌شود.	Your appointment is confirmed immediately after booking.	يُؤكد موعدك مباشرةً بعد الحجز.
نوبت شما ثبت و تأیید شد	Your appointment is booked and confirmed	تم حجز موعدك وتأكيده
نوبت شما پس از تأیید مجموعه قطعی می‌شود و نتیجه در «نوبت‌های من» نمایش داده می‌شود.	Your appointment is finalized when the business confirms. See the result in My appointments.	يصبح موعدك نهائيًا بعد تأكيد المنشأة. ستظهر النتيجة في صفحة مواعيدي.
نوبت لغو شد.	Appointment cancelled.	تم إلغاء الموعد.
نوبت پیش‌رویی ندارید.	You have no upcoming appointments.	ليس لديك مواعيد قادمة.
نوبت گرفتن به همین راحتیه	Booking is this easy	الحجز بهذه السهولة
نوبت‌های امروز	Today's appointments	مواعيد اليوم
نوبت‌های تکمیل‌شده بدون ارزیابی	Completed appointments awaiting evaluation	المواعيد المكتملة بانتظار التقييم
نوبت‌های جدید باید توسط مجموعه تأیید شوند	New appointments require business confirmation	تحتاج المواعيد الجديدة إلى تأكيد المنشأة
نوبت‌های من	My appointments	مواعيدي
نوبت‌های پیش رو و سوابق مراجعه	Upcoming appointments and visit history	المواعيد القادمة وسجل الزيارات
نوع	Type	النوع
نوع دسته‌بندی معتبر نیست.	Category type is invalid.	نوع التصنيف غير صالح.
نوع دسته‌بندی موجود را نمی‌توانید تغییر دهید.	You cannot change the type of an existing category.	لا يمكنك تغيير نوع تصنيف موجود.
نیازمند تأیید نوبت	Confirmation required	يتطلب تأكيد الموعد
هر خدمت را به شعبه و کارکنان ارائه‌دهنده متصل کنید.	Assign each service to branches and providers.	اربط كل خدمة بالفروع ومقدمي الخدمة.
هر نکته‌ای که مجموعه باید بداند…	Anything the business should know…	أي تفاصيل يجب أن تعرفها المنشأة…
هر کارمندی که زودتر آزاد است	First available provider	أول مقدم خدمة متاح
هفتگی · نوبت بعد	Weekly · next occurrence	أسبوعي · الموعد التالي
همه	All	الكل
همه ارائه‌دهندگان	All providers	جميع مقدمي الخدمات
همه امتیازها	All ratings	جميع التقييمات
همه انواع	All types	جميع الأنواع
همه تاریخ‌ها	All dates	جميع التواريخ
همه خدمات	All services	جميع الخدمات
همه دسته‌بندی‌ها	All categories	جميع التصنيفات
همه شعب	All branches	جميع الفروع
همه شعبه‌ها	All branches	جميع الفروع
همه شهرها	All cities	جميع المدن
همه منابع	All resources	جميع الموارد
همه نقش‌ها	All roles	جميع الأدوار
همه نوبت‌ها	All appointments	جميع المواعيد
همه وضعیت‌ها	All statuses	جميع الحالات
همه کارکنان شعبه	All branch staff	جميع موظفي الفرع
همه کسب‌وکارها	All businesses	جميع الأنشطة
همین لحظه کس دیگری این زمان را رزرو کرد؛ لطفاً زمان دیگری را انتخاب کنید.	Someone else just booked this time. Please choose another time.	حجز شخص آخر هذا الوقت للتو. اختر وقتًا آخر.
هنوز خدمت قابل رزروی برای این بخش تعریف نشده است.	No bookable services have been added to this section yet.	لم تتم إضافة خدمات متاحة للحجز في هذا القسم بعد.
هنوز عضو تیمی ثبت نشده است؛ ابتدا از بخش «اعضای تیم» یک عضو اضافه کنید.	No team members have been added yet. Add one from Team members first.	لم تتم إضافة أعضاء فريق بعد. أضف عضوًا من قسم أعضاء الفريق أولًا.
هنوز عضوی به این شعبه اضافه نشده است.	No members have been added to this branch yet.	لم تتم إضافة أعضاء إلى هذا الفرع بعد.
هنوز نظری برای این مورد منتشر نشده است.	No reviews have been published for this item yet.	لم تُنشر مراجعات لهذا العنصر بعد.
هنوز نظری منتشر نشده است	No reviews published yet	لم تُنشر مراجعات بعد
هنوز کسب‌وکاری را به علاقه‌مندی‌ها اضافه نکرده‌اید. از صفحه‌ی اصلی روی دکمه‌ی قلب بزنید.	You have no favorites yet. Use the heart button on the home page to add a business.	ليس لديك مفضلة بعد. استخدم زر القلب في الصفحة الرئيسية لإضافة نشاط.
هیچ کسب‌وکاری با این مشخصات پیدا نشد.	No businesses match your search.	لا توجد أنشطة تطابق بحثك.
وارد شوید	Sign in	سجّل الدخول
ورزش و تناسب اندام	Sports and fitness	الرياضة واللياقة
ورود	Sign in	تسجيل الدخول
ورود به حساب کاربری	Sign in to your account	تسجيل الدخول إلى حسابك
وضعیت	Status	الحالة
وضعیت ارزیابی	Evaluation status	حالة التقييم
وضعیت حساب	Account status	حالة الحساب
وضعیت خدمات	Service status	حالة الخدمة
وضعیت دسترسی کاربر تغییر کرد.	User access status changed.	تم تغيير حالة صلاحيات المستخدم.
وضعیت شعب	Branch status	حالة الفرع
وضعیت مدیر سامانه را از بخش دسترسی سامانه مدیریت کنید.	Manage platform administrators from Platform access.	إدارة مديري النظام من قسم صلاحيات النظام.
وضعیت نظر	Review status	حالة المراجعة
وقتت ارزشمنده؛	Your time matters.	وقتك مهم.
ویرایش	Edit	تعديل
ویرایش ارزیابی	Edit evaluation	تعديل التقييم
ویرایش بازه	Edit availability period	تعديل الفترة المتاحة
ویرایش خدمت کاتالوگ	Edit catalog service	تعديل خدمة الكتالوج
ویرایش دسته‌بندی	Edit category	تعديل التصنيف
ویرایش شعبه	Edit branch	تعديل الفرع
ویرایش کاربر	Edit user	تعديل المستخدم
ویرایش کسب‌وکار	Edit business	تعديل النشاط
پاسخ	Reply	رد
پاسخ به نظر	Reply to review	الرد على المراجعة
پاسخ مجموعه	Business reply	رد المنشأة
پاک کردن جست‌وجو	Clear search	مسح البحث
پاک کردن فیلترها	Clear filters	مسح المرشحات
پاک کردن فیلترهای جزئی	Clear detailed filters	مسح المرشحات التفصيلية
پاک‌کردن فیلترها	Clear filters	مسح المرشحات
پایان کار	Closing hour	نهاية العمل
پرسنل	Staff	الموظفون
پزشکی	Medical	الطب
پزشکی عمومی	General medicine	الطب العام
پس از اولین مراجعه می‌توانید اولین نظر را ثبت کنید.	You can submit the first review after your first visit.	يمكنك إضافة أول مراجعة بعد زيارتك الأولى.
پس از تغییر، برای ورود باید از ایمیل جدید استفاده کنید.	Use your new email to sign in after changing it.	استخدم بريدك الجديد لتسجيل الدخول بعد تغييره.
پس از پایان هر نوبت، از صفحه‌ی «نوبت‌های من» می‌توانید امتیاز و نظر خود را ثبت کنید.	After each appointment, submit a rating and review from My appointments.	بعد كل موعد، يمكنك إرسال تقييم ومراجعة من صفحة مواعيدي.
پنجشنبه	Thursday	الخميس
پنل مدیریت	Admin panel	لوحة الإدارة
پنهان	Hidden	مخفي
پنهان‌کردن	Hide	إخفاء
پوست و زیبایی	Skin and beauty	البشرة والتجميل
پیدا کن	Find	اعثر
پیرایش آقایان	Men's grooming	العناية بالرجال
پیش از ثبت نوبت، مشخصات و قوانین رزرو را بررسی کنید.	Review your booking details and terms before confirming.	راجع تفاصيل الموعد وشروط الحجز قبل التأكيد.
پیش رو	Upcoming	القادمة
پیشنهاد به‌نوبت	Be Nobat recommends	اقتراحات بي نوبات
چطور کار می‌کند؟	How does it work?	كيف يعمل؟
چه خدمتی نیاز داری؟	What service do you need?	ما الخدمة التي تحتاجها؟
چهارشنبه	Wednesday	الأربعاء
کاتالوگ	Catalog	الكتالوج
کاتالوگ خدمات	Service catalog	كتالوج الخدمات
کاتالوگ سراسری	Platform catalog	كتالوج النظام
کاربر	User	المستخدم
کاربر از قبل این نقش را دارد.	The user already has this role.	المستخدم لديه هذا الدور بالفعل.
کاربر این نقش را ندارد.	The user does not have this role.	المستخدم لا يملك هذا الدور.
کاربر فعال پیدا نشد.	Active user not found.	لم يُعثر على مستخدم نشط.
کاربر پیدا نشد.	User not found.	لم يُعثر على المستخدم.
کاربران و دسترسی‌ها	Users and access	المستخدمون والصلاحيات
کاربری با این ایمیل از قبل وجود دارد.	A user with this email already exists.	يوجد مستخدم بهذا البريد بالفعل.
کاربری با این ایمیل پیدا نشد؛ ابتدا باید ثبت‌نام کند یا از «اعضای تیم» ساخته شود.	No user has this email. They must register or be added from Team members first.	لا يوجد مستخدم بهذا البريد. يجب أن يسجل أو يُضاف من قسم أعضاء الفريق أولًا.
کاربری با این مشخصات پیدا نشد.	No users match these details.	لا يوجد مستخدمون بهذه البيانات.
کارمند	Staff member	الموظف
کارمند ارائه‌دهنده را انتخاب کنید.	Select a provider.	اختر مقدم خدمة.
کارمند باید ابتدا عضو همین شعبه باشد.	The staff member must join this branch first.	يجب أن يكون الموظف عضوًا في هذا الفرع أولًا.
کارمند باید متعلق به شعبه انتخاب‌شده باشد.	The staff member must belong to the selected branch.	يجب أن يكون الموظف تابعًا للفرع المختار.
کارمند فقط برای خدمات انتخاب‌شده در مرحله رزرو نمایش داده می‌شود.	The provider is shown only for the services selected during booking.	يظهر مقدم الخدمة فقط للخدمات المختارة أثناء الحجز.
کارمند و زمان	Provider and time	مقدم الخدمة والوقت
کارمند واجد شرایطی برای همه خدمات انتخاب‌شده وجود ندارد؛ خدمات یا شعبه را تغییر دهید.	No eligible provider offers all selected services. Change the services or branch.	لا يوجد مقدم خدمة مؤهل لجميع الخدمات المختارة. غيّر الخدمات أو الفرع.
کارمند، روز و ساعت را انتخاب کنید	Choose provider, date and time	اختر مقدم الخدمة والتاريخ والوقت
کارکنان ارائه‌دهنده	Service providers	مقدمو الخدمات
کد بازیابی معتبر نیست.	The recovery code is invalid.	رمز الاسترداد غير صالح.
کد تأیید نامعتبر یا منقضی شده است.	The verification code is invalid or expired.	رمز التحقق غير صالح أو منتهي الصلاحية.
کد پیگیری:	Tracking code:	رمز المتابعة:
کد پیگیری، شماره موبایل، نام مشتری یا ارائه‌دهنده…	Tracking code, mobile, customer or provider name…	رمز المتابعة أو الجوال أو اسم العميل أو مقدم الخدمة…
کسب‌وکار	Business	النشاط التجاري
کسب‌وکار ارزیابی	Evaluation business	نشاط التقييم
کسب‌وکار تعلیق شد.	Business suspended.	تم تعليق النشاط.
کسب‌وکار جدید	New business	نشاط جديد
کسب‌وکار خدمت را نمی‌توان تغییر داد.	The service's business cannot be changed.	لا يمكن تغيير النشاط المرتبط بالخدمة.
کسب‌وکار شعبه را نمی‌توان تغییر داد.	The branch's business cannot be changed.	لا يمكن تغيير النشاط المرتبط بالفرع.
کسب‌وکار فعال شد.	Business activated.	تم تفعيل النشاط.
کسب‌وکار موردنظر پیدا نشد.	Business not found.	لم يُعثر على النشاط.
کسب‌وکار و شعبه‌ی اول ساخته شد. خدمات و کارکنان را از بخش «شعب و منابع» و «خدمات» تکمیل کنید.	The business and its first branch were created. Add services and staff from Branches and resources and Services.	تم إنشاء النشاط وفرعه الأول. أضف الخدمات والموظفين من قسمي الفروع والموارد والخدمات.
کسب‌وکار پیدا نشد؛ فهرست را تازه کنید.	Business not found. Refresh the list.	لم يُعثر على النشاط. حدّث القائمة.
کسب‌وکارها	Businesses	الأنشطة التجارية
کسب‌وکارهای مورد علاقه	Favorite businesses	الأنشطة المفضلة
کسب‌وکاری پیدا نشد.	No businesses found.	لم يُعثر على أنشطة.
کل خدمات	All services	إجمالي الخدمات
کل مجموعه	Entire business	النشاط بالكامل
کل نظرات	Total reviews	إجمالي المراجعات
کل نوبت‌ها	Total appointments	إجمالي المواعيد
کوتاهی مو	Haircut	قص الشعر
گذرواژه با موفقیت تغییر کرد.	Password changed successfully.	تم تغيير كلمة المرور بنجاح.
گذرواژه‌ی جدید	New password	كلمة المرور الجديدة
گذرواژه‌ی جدید ضعیف است؛ حداقل ۸ حرف با ترکیب حروف و عدد انتخاب کنید.	The new password is too weak. Use at least 8 characters with letters and numbers.	كلمة المرور الجديدة ضعيفة. استخدم ٨ أحرف على الأقل تجمع بين الحروف والأرقام.
گذرواژه‌ی جدید و تکرار آن یکسان نیست.	The new passwords do not match.	كلمتا المرور الجديدتان غير متطابقتين.
گذرواژه‌ی فعلی	Current password	كلمة المرور الحالية
گذرواژه‌ی فعلی درست نیست.	The current password is incorrect.	كلمة المرور الحالية غير صحيحة.
گذشته	Past	السابقة
یا ایمیل حساب موجود	Or an existing account's email	أو بريد حساب موجود
یادداشت	Note	ملاحظة
یادداشت اختیاری...	Optional note...	ملاحظة اختيارية...
یادداشت باید حداکثر ۲۰۰۰ نویسه باشد.	The note must not exceed 2,000 characters.	يجب ألا تتجاوز الملاحظة ٢٠٠٠ حرف.
یک خدمت را از فهرست کاتالوگ انتخاب کنید.	Select a service from the catalog.	اختر خدمة من الكتالوج.
یک دسته‌بندی معتبر انتخاب کنید.	Select a valid category.	اختر تصنيفًا صالحًا.
یک زمان را انتخاب کنید.	Choose a time.	اختر وقتًا.
یک شعبه معتبر برای این کسب‌وکار انتخاب کنید.	Select a valid branch for this business.	اختر فرعًا صالحًا لهذا النشاط.
یک شعبه‌ی معتبر انتخاب کنید.	Select a valid branch.	اختر فرعًا صالحًا.
یک یا چند خدمت را می‌توانید در یک نوبت رزرو کنید.	You can book one or more services in a single appointment.	يمكنك حجز خدمة واحدة أو أكثر في موعد واحد.
یک یا چند کارمند انتخاب‌شده متعلق به این شعبه نیستند؛ کارکنان را دوباره انتخاب کنید.	One or more selected providers do not belong to this branch. Select the providers again.	مقدم خدمة مختار أو أكثر غير تابع لهذا الفرع. أعد اختيار مقدمي الخدمات.
یکشنبه	Sunday	الأحد
یکی از خدمات انتخاب‌شده دیگر در این شعبه فعال نیست؛ خدمات را دوباره انتخاب کنید.	A selected service is no longer active in this branch. Select your services again.	إحدى الخدمات المختارة لم تعد نشطة في هذا الفرع. أعد اختيار الخدمات.
انتخاب از لیست اعضای تیم	Choose from team members	اختيار من أعضاء الفريق
انتخاب شعبه	Choose branch	اختيار الفرع
انتخاب کاربر	Choose user	اختيار المستخدم
انتخاب کارمند	Choose staff member	اختيار الموظف
انتخاب کنید	Select	اختر
بازگشت به انتخاب خدمات	Back to services	العودة إلى اختيار الخدمات
بازگشت به انتخاب زمان	Back to time selection	العودة إلى اختيار الوقت
بازگشت به فهرست کسب‌وکارها	Back to businesses	العودة إلى قائمة الأنشطة
برای این حساب قبلاً ورودی ثبت شده است.	A sign-in is already linked to this account.	توجد طريقة تسجيل دخول مرتبطة بهذا الحساب بالفعل.
دقیقه	minutes	دقائق
نفر	people	أشخاص
مورد	items	عناصر
نوبت	appointments	مواعيد
نظر	reviews	مراجعات
ستاره	stars	نجوم
نام و نام خانوادگی باید بین ۱ تا ۱۰۰ نویسه باشد.	Full name must be between 1 and 100 characters.	يجب أن يكون الاسم الكامل بين ١ و١٠٠ حرف.
نشست شما منقضی شده است؛ دوباره وارد حساب شوید.	Your session has expired. Sign in again.	انتهت جلستك. سجّل الدخول مجددًا.
فایل انتخاب‌شده یک تصویر معتبر PNG، JPEG یا WebP نیست.	The selected file is not a valid PNG, JPEG or WebP image.	الملف المختار ليس صورة PNG أو JPEG أو WebP صالحة.
افزودن به علاقه‌مندی‌ها	Add to favorites	إضافة إلى المفضلة
حذف از علاقه‌مندی‌ها	Remove from favorites	إزالة من المفضلة
ماه قبل	Previous month	الشهر السابق
ماه بعد	Next month	الشهر التالي
هفته قبل	Previous week	الأسبوع السابق
هفته بعد	Next week	الأسبوع التالي
خدمات فعال این شعبه تغییر کرده‌اند؛ خدمات را دوباره انتخاب کنید.	This branch's active services have changed. Select your services again.	تغيرت الخدمات النشطة في هذا الفرع. أعد اختيار الخدمات.
نتیجه	results	نتائج
بازه	periods	فترات
متخصص و عضو تیم	specialists and team members	مختصون وأعضاء فريق
خدمت قابل رزرو	bookable services	خدمات متاحة للحجز
شعبه فعال	active branches	فروع نشطة
نظر اخیر	recent reviews	مراجعات حديثة
زمان موجود	available times	أوقات متاحة
ساعت	Time	الوقت
بر اساس	Based on	استنادًا إلى
ارزیابی مجموعه‌ها	business evaluations	تقييمات المنشآت
پاسخ مجموعه:	Business reply:	رد المنشأة:
امروز	Today	اليوم
برای «	For “	لـ«
» هنوز شعبه‌ی قابل رزروی تعریف نشده است.	” has no bookable branches yet.	» لا توجد فروع متاحة للحجز بعد.
برای این روز زمان خالی وجود ندارد. روز دیگری را انتخاب کنید	No availability on this day. Choose another day	لا توجد أوقات متاحة في هذا اليوم. اختر يومًا آخر
نتیجه‌ای در «	No results in “	لا توجد نتائج في «
» پیدا نشد؛ این نتایج از سایر شهرها نمایش داده شده‌اند.	”. These results are from other cities.	». هذه النتائج من مدن أخرى.
نوبت «	Appointment “	الموعد «
» در	” on	» في
لغو شود؟ این کار قابل بازگشت نیست.	Cancel? This cannot be undone.	هل تريد الإلغاء؟ لا يمكن التراجع عن هذا الإجراء.
منبع «	Resource “	المورد «
» هنوز به حساب عضو تیم متصل نشده است.	” is not linked to a team member account yet.	» غير مرتبط بحساب عضو فريق بعد.
منبع جدید برای	New resource for	مورد جديد لـ
اعضای	Members of	أعضاء
منبع	Resource	المورد
در این شعبه هنوز خدمتی برای رزرو آنلاین فعال نشده است.	No services are enabled for online booking in this branch yet.	لم تُفعّل خدمات للحجز عبر الإنترنت في هذا الفرع بعد.
توضیح شما:	Your note:	ملاحظتك:
نظر درباره‌ی	Review for	مراجعة عن
فروردین	Farvardin	فروردين
اردیبهشت	Ordibehesht	أرديبهشت
خرداد	Khordad	خرداد
تیر	Tir	تير
مرداد	Mordad	مرداد
شهریور	Shahrivar	شهريور
مهر	Mehr	مهر
آبان	Aban	آبان
آذر	Azar	آذر
دی	Dey	دي
بهمن	Bahman	بهمن
اسفند	Esfand	إسفند
بازگشت به	Back to	العودة إلى
نظرهای	Reviews for	مراجعات
(قدیمی)	(legacy)	(قديم)
— نزدیک‌ترین روز خالی:	— Next available date:	— أقرب تاريخ متاح:
وضعیت این نوبت هم‌زمان تغییر کرده است؛ فهرست را تازه کنید.	The appointment status changed. Refresh the list.	تغيرت حالة هذا الموعد. حدّث القائمة.
ذخیره اطلاعات حساب انجام نشد؛ دوباره تلاش کنید.	Account details could not be saved. Please try again.	تعذّر حفظ بيانات الحساب. حاول مرة أخرى.
نقش‌ها:	Roles:	الأدوار:
ب	B	ب
فا	FA	فا
عر	AR	ع
ارائه‌دهنده در	Provider at	مقدم خدمة في
توضیح مشتری:	Customer note:	ملاحظة العميل:
مشهد	Mashhad	مشهد
کرج	Karaj	كرج
اصفهان	Isfahan	أصفهان
تبریز	Tabriz	تبريز
رشت	Rasht	رشت
شیراز	Shiraz	شيراز
